Department,Week_Ending,Year,MAT,Sales,Discount1,Discount2,Holiday Dummy,Total SKU,Gasoline Price,Average Price,Email Clicks,Email Spends,Organic Search Impressions,Modular Video Impressions,Modular Video Spends,Paid Social Impressions,Paid Social Spends,Paid Search Impressions,Paid Search Spends,Week,Month,Email_Spends_Adstock,Modular_Video_Spends_Adstock,Paid_Social_Spends_Adstock,Paid_Search_Spends_Adstock,Email_Spends_Saturation,Modular_Video_Spends_Saturation,Paid_Social_Spends_Saturation,Paid_Search_Spends_Saturation,log_Email_Spends_Adstock,log_Modular_Video_Spends_Adstock,log_Paid_Social_Spends_Adstock,log_Paid_Search_Spends_Adstock,log_Email_Spends_Adstock_x_log_Modular_Video_Spends_Adstock,log_Email_Spends_Adstock_x_log_Paid_Social_Spends_Adstock,log_Email_Spends_Adstock_x_log_Paid_Search_Spends_Adstock,log_Modular_Video_Spends_Adstock_x_log_Paid_Social_Spends_Adstock,log_Modular_Video_Spends_Adstock_x_log_Paid_Search_Spends_Adstock,log_Paid_Social_Spends_Adstock_x_log_Paid_Search_Spends_Adstock
Brand A,2022-02-05,2022,MAT_2022,55497076.1,0.0,0.0,0,29882443.5,1070.9,17.7,534418.5,46008.3,2662747.5,11599332.5,815221.0,280464068.5,3861346.5,6779.5,671.9,5,2,46008.3,815221.0,3861346.5,671.9,0.9993401893205975,0.9978363832419203,0.9999759421136667,0.9926165300447408,10.736598828949884,13.611215747768897,15.166526773786385,6.511596730194272,146.13816305807975,162.83691359867197,69.91240182799771,206.43486806231985,88.63074795714074,98.75830614859132
Brand A,2022-02-12,2022,MAT_2022,57737793.8,0.0,0.0,0,29719511.5,1070.9,17.7,631368.5,54354.7,2609978.0,13142160.5,923653.6,235058652.5,3236218.1,5110.0,506.5,6,2,81959.68,1657352.5,4008487.4,708.07,0.9995094976774507,0.9982953958284988,0.9999764583443956,0.992784057572676,11.31399489904853,14.320732611012192,15.203924770610389,6.56395425226507,162.02469571162987,172.01712730020355,74.26454492771492,217.73134127785625,94.00063371760453,99.7978666491663
Brand A,2022-02-19,2022,MAT_2022,54044453.1,0.1,0.0,0,29353173.5,1070.9,17.8,638092.0,54933.6,2401283.5,12949660.5,910124.3,257480818.0,3544919.9,2842.0,281.7,7,2,104109.41,2401741.55,4346617.38,494.12,0.9995662062157578,0.9984952610024235,0.9999775385741282,0.99155406385169,11.553207249603394,14.691705094362312,15.284908716837261,6.204800157431106,169.73631380522178,176.58971819689037,71.68534216117334,224.5613712620209,91.15909408243066,94.83980401255192
Brand A,2022-02-26,2022,MAT_2022,55775814.8,0.1,0.0,0,29324354.5,1070.9,17.8,538643.0,46372.0,2396597.0,12401567.5,871603.4,276892035.0,3812167.8,3031.0,300.4,8,2,108837.64,3033170.8,4681491.28,448.64,0.9995759899920137,0.9986088398132802,0.9999784849797783,0.991189945632029,11.597621697413013,14.925119428653739,15.359127480315612,6.108447262593597,173.0958889222351,178.1293501190408,70.84346051015862,229.2368119636281,91.16930491784244,93.82042021295999
Brand A,2022-03-05,2022,MAT_2022,58392060.6,0.0,0.0,0,29192688.0,1282.7,17.8,639628.5,55065.8,2427106.5,8857677.5,622532.7,193081850.5,2658293.9,3395.0,336.5,9,3,120368.39,3352386.42,3594592.16,471.09,0.9995973630851865,0.9986548699381529,0.9999749221877161,0.9913759810642334,11.69832054365304,15.02518331266435,15.09494137444398,6.157169645374924,175.7694106186942,176.58546278589625,72.02854415324637,226.80426124494235,92.51260260893078,92.94211482944051
Brand A,2022-03-12,2022,MAT_2022,54714035.8,0.0,0.0,0,29113087.5,1282.7,17.9,646723.0,55676.6,2409449.0,8699768.0,611434.6,211936854.5,2917884.0,2751.0,272.7,10,3,127897.63,3628582.37,3636802.43,414.03,0.9996097172736262,0.9986902082330515,0.9999750914227397,0.990875387841921,11.758993276016211,15.104352873872918,15.106615675216794,6.02835080677459,177.61198388244776,177.63859214823538,70.8873366023293,228.17565388845446,91.0543378330199,91.06797879332683
Brand A,2022-03-19,2022,MAT_2022,53783462.8,0.1,0.0,0,28985572.0,1282.7,17.8,573993.0,49415.3,2231575.5,8502826.5,597593.2,198408903.0,2731635.2,2796.5,277.2,11,3,126153.88,3863317.34,3458995.69,401.41,0.9996069556416167,0.9987175291751363,0.9999743565967866,0.9907511506890667,11.745265637427217,15.167037045708456,15.056489130994882,5.9974714693713835,178.14087903454515,176.84246441057056,70.44189556065783,228.36232842810608,90.9638719565353,90.30086399204214
Brand A,2022-03-26,2022,MAT_2022,53899402.6,0.1,0.0,0,29135624.0,1282.7,17.8,510853.0,43979.5,2199309.0,10527727.0,739906.7,184259376.0,2536828.7,3388.0,335.8,12,3,119671.83,4216892.3,3228627.84,456.22,0.9995961610506059,0.9987547471975399,0.9999733107318147,0.9912542235259116,11.692516881654285,15.254609230060947,14.987568097329982,6.125164675495825,178.3647759455269,175.242392992974,71.61859137114743,228.6294946336969,93.43699359446188,91.80132268135378
Brand A,2022-04-02,2022,MAT_2022,55504836.9,0.1,0.0,0,29319353.0,1282.7,17.9,489646.5,42153.8,2159164.0,20000603.0,1405676.6,214273584.0,2950055.4,3678.5,364.6,13,4,113956.9,5200879.67,3595780.97,501.47,0.9995858826331608,0.9988395549929148,0.9999749269969747,0.9916084130252281,11.643584360923628,15.46433852882732,15.095272041478546,6.219535936658488,180.06033024628246,175.76307346604727,72.41769136427926,233.4383970341665,96.18100921669397,93.88558693561195
Brand A,2022-04-09,2022,MAT_2022,54367228.4,0.0,0.0,0,29389454.5,1269.8,18.0,450068.5,38746.6,2127951.0,12983911.5,912531.5,175807250.5,2420462.3,3843.0,380.9,14,4,107120.74,5593323.21,3139618.49,531.34,0.9995725129879086,0.9988676028964134,0.9999728744422902,0.9918180593441898,11.581721223698404,15.537084339225432,14.959612169012699,6.277282382950013,179.94617944599926,173.2580577561513,72.70173460176025,232.4287559520534,97.53066580502833,93.90570992430804
Brand A,2022-04-16,2022,MAT_2022,52751924.7,0.0,0.0,0,29233848.0,1269.8,17.9,719838.0,61971.1,1993950.0,12765256.0,897164.1,181068408.5,2492896.4,3731.0,369.8,15,4,126243.54,5931154.98,3120820.1,529.2,0.9996070990454629,0.9988897204451032,0.9999727797922814,0.9918036063107317,11.745976098677653,15.595729689581438,14.953606698238628,6.273254293854925,183.18706817526103,175.64470686653698,73.68549499654691,233.21240795004402,97.83597824096749,93.80777742834324
Brand A,2022-04-23,2022,MAT_2022,47432557.7,0.0,0.0,0,29257833.5,1269.8,17.9,807184.0,69490.8,1988577.5,11942808.5,839361.0,191229993.5,2632798.1,3468.5,343.8,16,4,145236.93,6177400.49,3256962.12,502.56,0.9996343894104442,0.998904808017708,0.999973445650007,0.9916163757759507,11.886128573154606,15.636408270137423,14.996305760890607,6.221702870898058,185.85635912119142,178.24801839628486,73.95196026745946,234.48835942109937,97.28508622484814,93.30255860539818
Brand A,2022-04-30,2022,MAT_2022,49598271.6,0.0,0.1,0,29233662.5,1269.8,17.9,508336.5,43762.9,2081488.5,12403513.5,871740.2,203125104.0,2796566.5,5299.0,525.2,17,4,130905.06,6431400.64,3447958.92,675.97,0.999614348784567,0.9989195513197644,0.9999743090191536,0.9926360205628031,11.782235245708005,15.676703056906545,15.05329328656823,6.517626958784185,184.70660329358273,177.3614427249839,76.7922140721637,235.98600888205496,102.17490246854855,98.11175014302209
Brand A,2022-05-07,2022,MAT_2022,48541154.6,0.0,0.0,0,29570716.0,1369.4,18.0,441637.0,38020.7,2024760.5,9180738.0,645238.0,238346825.5,3281488.7,3580.5,354.9,18,5,116563.73,6433498.57,3971080.48,557.69,0.999590665641898,0.9989196698402601,0.9999763299742921,0.991989441697733,11.666202020004562,15.677029204769534,15.194549028663898,6.325594757611524,182.89138977635284,177.2626785712571,73.79566633897784,238.20538887566647,99.16653375261293,96.11455967998764
Brand A,2022-05-14,2022,MAT_2022,44884072.8,0.0,0.0,0,29828225.0,1369.4,18.0,598846.5,51554.9,1916019.0,8993596.5,632085.4,208659986.5,2872769.1,4364.5,432.6,19,5,121493.14,6422234.12,3666985.2,599.91,0.9995992819740944,0.9989190328596869,0.9999752105444697,0.9922411323317075,11.707621310146939,15.675276764608869,15.114880683752135,6.398445172905521,183.52020429178594,176.95929919342484,74.91057305811549,236.92993798185526,100.29739894846969,96.71173534999674
Brand A,2022-05-21,2022,MAT_2022,46307553.3,0.0,0.0,0,29721709.5,1369.4,18.0,530236.0,45648.2,1916925.5,8847769.0,621836.4,224504997.5,3090918.5,6503.0,644.5,20,5,118544.08,6401847.1,3824315.54,824.47,0.9995941923056142,0.9989178762132639,0.9999758072707038,0.9932492598548283,11.68304858915617,15.67209727227013,15.15689032692424,6.7159529210886655,183.09787392591383,177.07868614996704,78.4628042995642,237.5402595486869,105.25306745528829,101.79296186572738
Brand A,2022-05-28,2022,MAT_2022,45182748.6,0.0,0.0,0,29748946.5,1369.4,17.9,335629.0,28894.4,1851549.0,8750108.5,614972.6,274312321.5,3776651.1,3675.0,364.2,21,5,100020.85,6376634.99,4541514.21,611.54,0.9995571874879497,0.9989164389936431,0.9999781028076218,0.9923060402445011,11.51314394110258,15.668151241968328,15.328771261032525,6.417614246408979,180.38968053974654,176.48234996850397,73.88691657737714,240.17350647139517,100.55215062534648,98.37414082474686
Brand A,2022-06-04,2022,MAT_2022,43151946.9,0.0,0.0,0,29830363.5,1505.5,18.0,516215.0,44441.1,1774451.0,11432291.5,803481.0,172014052.0,2368238.7,2114.0,209.5,22,6,104453.61,6542452.49,3276541.54,392.96,0.9995669409939515,0.9989257550315862,0.9999735378019442,0.9906647918917569,11.556507901960964,15.693822804457845,15.002299320743802,5.976249381301502,181.36578725169227,173.37419064775935,69.06457319910012,235.44342719919152,93.7901988253966,89.65748203369509
Brand A,2022-06-11,2022,MAT_2023,47033839.6,0.0,0.0,0,30006770.5,1505.5,18.0,702425.5,60472.1,1995388.5,11690777.0,821647.8,180826740.5,2489569.2,2341.5,232.1,23,6,123144.27,6709855.05,3144877.51,349.99,0.9996020507068462,0.9989348454975188,0.9999729007613626,0.9901805443804478,11.721119994366076,15.719088055662603,14.961285817799789,5.8607577330315275,184.24531730242788,175.36302634043872,68.69464464677144,235.17776919593095,92.12576687842811,87.68447155276503
Brand A,2022-06-18,2022,MAT_2023,45859338.8,0.1,0.2,0,30107238.0,1505.5,18.0,559825.0,48195.5,1930096.0,11493660.5,807794.1,162734316.5,2240478.0,3097.5,307.0,24,6,122082.06,6846663.64,2869453.5,412.0,0.9996002760171988,0.9989420525194871,0.9999714211827561,0.9908557723200208,11.712456911734948,15.739272177788743,14.86963249998386,6.023447592961033,184.34554720441935,174.15992994939458,70.54937039264969,234.03719310093925,94.80468111426016,89.56645209024293
Brand A,2022-06-25,2022,MAT_2023,44363087.4,0.1,0.2,0,30300263.0,1505.5,18.0,375571.0,32333.0,1872598.0,11347483.0,797520.5,178122609.0,2452339.5,2096.5,207.8,25,6,105582.24,6959517.78,3026230.2,331.4,0.9995693248447575,0.9989478543318249,0.9999722895012004,0.9899437732094215,11.567254925536984,15.755620889115669,14.922828574906145,5.806339062981293,182.2492833345166,172.61616233602714,67.16340412560817,235.11842961948346,91.48247702999636,86.64700248465101
Brand A,2022-07-02,2022,MAT_2023,44523836.1,0.1,0.0,0,30755466.0,1505.5,18.0,391979.0,33745.6,1828725.5,11289026.0,793412.1,169212543.5,2329668.3,1977.5,196.0,26,7,97094.94,7056978.1,2934914.34,295.42,0.9995503834260703,0.9989527645157518,0.9999717926487731,0.9894265614754166,11.48345484084088,15.76952762838017,14.892189165853864,5.691777367528769,181.08865838189624,171.01378176734266,65.3612683641368,234.84278849799634,89.75664045183387,84.76302524716417
Brand A,2022-07-09,2022,MAT_2023,40342186.5,0.1,0.0,0,30983221.5,1389.3,18.1,465937.5,40112.7,1717128.0,6883544.5,483787.3,179727096.5,2474429.6,2093.0,207.4,27,7,98369.66,6835067.59,3061412.47,296.03,0.9995533853657186,0.9989414491335159,0.9999724746568148,0.9894360723767656,11.496497867846907,15.737577063203222,14.9343872855778,5.693833143802533,180.92702115219222,171.69315158624514,65.45914059760187,235.03107079850304,89.60713788561304,85.03390930900603
Brand A,2022-07-16,2022,MAT_2023,45540900.5,0.1,0.0,0,31027678.5,1389.3,18.1,592298.0,50991.1,2248883.0,11012431.5,773972.5,332273889.5,4574648.8,1708.0,169.3,28,7,110012.9,6925533.33,5186931.29,258.11,0.9995783225955472,0.9989461204977879,0.9999797271059858,0.9887852695640982,11.608362000427705,15.750725766627816,15.46165299946002,5.557252681960304,182.8401264684799,179.48446514273076,64.51060086004296,243.5322562932532,87.5307630094137,85.92431259878877
Brand A,2022-07-23,2022,MAT_2023,44954474.1,0.0,0.0,0,31099047.0,1389.3,18.0,493948.0,42524.2,2181700.5,17504123.0,1230219.7,327971063.0,4515408.8,1351.0,133.9,29,7,108531.94,7463199.7,5552795.06,211.33,0.9995753769957583,0.9989722950638046,0.9999805129295741,0.9877641982741218,11.594809000357222,15.825494928422431,15.529812153455321,5.358141668193703,183.49359103117996,180.06520573074073,62.1266292395614,245.76696347386022,84.79524379576836,83.21093359864993
Brand A,2022-07-30,2022,MAT_2023,46208968.9,0.2,0.0,0,30800626.5,1389.3,18.0,440020.0,37881.5,2548490.0,16844005.5,1183825.6,340460207.5,4687355.6,1025.5,101.6,30,7,103000.66,7900705.33,5797914.61,165.0,0.9995638141067916,0.9989918011043853,0.999980995112002,0.9863726785427525,11.542500383586757,15.882462722301275,15.57300903333884,5.111987788356544,183.32333206446484,179.7514627409136,59.00512100799622,247.33773544606515,81.19095548543214,79.60903200639429
Brand A,2022-08-06,2022,MAT_2023,47362797.8,0.1,0.0,0,30492798.0,1220.1,18.0,285698.0,24595.8,2804620.0,23191007.0,1629903.7,313602110.5,4317581.3,1424.5,141.2,31,8,86396.2,8740538.49,5477164.22,190.7,0.9995225995996334,0.9990254857302301,0.9999803573049673,0.9872045213074235,11.366710546859608,15.983482472271335,15.516098229460221,5.255931650051599,181.67961879311227,176.36699739091517,59.742653720214726,248.00128408861775,84.00809140405589,81.55155176952955
Brand A,2022-08-13,2022,MAT_2023,47248627.1,0.1,0.0,0,30032373.0,1220.1,18.0,509120.5,43830.4,3043743.5,25027219.0,1758955.8,327624426.5,4510636.4,1291.5,128.0,32,8,95668.12,9625440.45,5606069.24,185.21,0.9995469517442304,0.9990565929740577,0.999980620555306,0.9870407966408037,11.468650850344135,16.079920302021424,15.539360540061129,5.226875069093671,184.41499164524393,178.21550047157615,59.94520520580369,249.87167902855956,84.04773453964896,81.22229619650348
Brand A,2022-08-20,2022,MAT_2023,48876906.4,0.1,0.0,0,29847048.0,1220.1,18.0,449480.5,38695.9,3110656.5,23767551.5,1670424.2,317795656.5,4375316.8,2170.0,215.1,33,8,96096.77,10333320.6,5496530.65,270.66,0.9995479908007543,0.999078847934341,0.9999803974771287,0.9890150513094556,11.473121389694347,16.150884338296795,15.519627842194247,5.604551284394344,185.30105656419238,178.05857415637473,64.30169722062368,250.65571425268993,90.51845956230581,86.980550156292
Brand A,2022-08-27,2022,MAT_2023,50534987.5,0.0,0.0,0,28978089.0,1220.1,18.0,318776.5,27443.6,3125528.0,23914198.0,1680730.8,327035219.0,4502524.3,2058.0,204.0,34,8,85101.66,10980719.34,5601830.43,285.2,0.9995188835651736,0.9990974877361138,0.9999806120512149,0.9892629136111121,11.351613571417266,16.211651596629647,15.538604143310533,5.65669086712235,184.0284042793895,176.3882296740844,64.21256881653817,251.90643666929626,91.7043015276244,87.8970801452942
Brand A,2022-09-03,2022,MAT_2023,50990215.4,0.0,0.0,0,28840675.5,1151.2,18.0,391468.0,33701.6,2884549.5,21661444.0,1522403.4,311247667.5,4285166.0,1690.5,167.6,35,9,84762.6,11405050.81,5405532.09,253.16,0.9995178961114976,0.9991089265193862,0.9999802067450912,0.988690192417607,11.347621484344847,16.249566956434716,15.502933633239099,5.537963989961261,184.39393510613868,175.92142276691632,62.84271915201251,251.91595809448245,89.98951665719986,85.85468819963742
Brand A,2022-09-10,2022,MAT_2023,48893005.6,0.0,0.0,0,28716782.5,1151.2,18.0,480014.5,41324.6,2503378.5,20666310.0,1452463.7,329617148.0,4538071.6,1232.0,122.1,36,9,92182.16,11717009.43,5619178.02,198.05,0.9995382319182959,0.9991169794333075,0.9999806467905631,0.987413456476928,11.431532746441972,16.276552226809493,15.541696129348347,5.293556049446326,186.06593977994572,177.6654082378961,60.513459324371674,252.9652287425413,86.16084150435645,82.27083956416848
Brand A,2022-09-17,2022,MAT_2023,50924880.5,0.0,0.0,0,28515452.0,1151.2,18.1,304346.0,26201.3,2362769.5,20574928.5,1446041.2,299977471.5,4130001.3,1267.0,125.6,37,9,81510.6,11991349.68,5253836.9,185.01,0.9995081116178212,0.999123828074446,0.9999798772506047,0.9870347014463207,11.308500620389161,16.29969617120122,15.474469396067999,5.22580043570886,184.3251242641838,174.99304676562804,59.09596746924359,252.22914956646,85.17895935338537,80.86648891233557
Brand A,2022-09-24,2022,MAT_2023,48961270.4,0.0,0.0,0,28663831.0,1151.2,18.1,584045.0,50280.6,2223620.0,7647276.0,537463.7,185501620.5,2553931.5,1130.5,112.0,38,9,99186.96,11329678.42,3604698.88,167.5,0.9995552792986668,0.9991069366137639,0.9999749629938979,0.9864615191205619,11.50477191493917,16.242936337811297,15.097749074195404,5.126935749792416,186.8712777953963,173.69615952760213,58.984226423909384,245.2317770564054,83.27649099192705,77.40518946988777
Brand A,2022-10-01,2022,MAT_2023,48343022.0,0.0,0.0,0,29027348.0,1151.2,18.1,682699.5,58773.8,2087130.5,9268084.0,651376.8,186182682.0,2563308.2,1319.5,130.8,39,10,118285.97,10848087.37,3284247.98,181.05,0.9995937377253673,0.999093790563129,0.9999735738346155,0.9869120430305712,11.680868900197764,16.199499435331198,15.004648562758517,5.204281374621442,189.22422915293143,175.26733275512302,60.79052845669407,243.06779591974967,84.30675318948472,78.08841304790454
Brand A,2022-10-08,2022,MAT_2023,49726311.4,0.0,0.0,0,29323686.0,1186.6,18.2,607225.5,52276.3,1948166.5,9104291.0,639865.2,153819673.0,2117743.8,1102.5,109.3,40,10,123247.88,10403143.84,2774593.4,163.62,0.9996022225733634,0.9990809324473456,0.9999708584703504,0.9863228102081363,11.721961004642552,16.157618706862962,14.83601513231778,5.103639787544498,189.39897640973066,173.90719084531582,59.8246665713388,239.71467563723974,82.4626657043191,75.71767711790928
Brand A,2022-10-15,2022,MAT_2023,48399373.5,0.0,0.0,0,29512010.5,1186.6,18.2,626328.5,53920.8,1901466.0,13223371.0,929361.2,151437961.5,2084953.1,983.5,97.5,41,10,127869.53,10292190.65,2639871.78,146.58,0.9996096732230932,0.9990776112062479,0.9999700049087474,0.9856529845798804,11.758773546631222,16.14689607346963,14.786241284567414,4.994370401630221,189.86769440891823,173.86806287107777,58.727670560767386,238.75190133915612,80.64357982753594,73.8479658230063
Brand A,2022-10-22,2022,MAT_2023,49007663.2,0.0,0.0,0,29561059.5,1186.6,18.1,527005.5,45370.1,2089241.0,9194636.5,646214.8,162065172.5,2231265.4,1232.0,122.1,42,10,122091.82,9909186.39,2759239.76,166.08,0.9996002924300338,0.99906576834708,0.999970764527197,0.9864112920804138,11.712536854110954,16.108972903953152,14.830466112893454,5.118472739628975,188.67693881942606,173.7023809109082,59.950300599666626,238.90357676559609,82.453338672306,75.90933651483643
Brand A,2022-10-29,2022,MAT_2023,48912828.1,0.0,0.0,0,29655563.0,1186.6,18.2,305347.0,26287.4,2174238.5,12411577.5,872306.9,180296025.0,2482262.4,1330.0,131.8,43,10,99542.49,9790574.65,3034110.35,181.62,0.999556095815539,0.9990619760901747,0.9999723312671641,0.9869299335954407,11.50834991307981,16.096930812573763,14.925429138942276,5.207407491188194,185.24911231773498,171.7670611338252,59.9286675485868,240.25360019752623,83.82327809853467,77.72279150732656
Brand A,2022-11-05,2022,MAT_2023,48766385.0,0.0,0.0,0,29617346.5,1143.3,18.2,341260.5,29379.2,2180682.0,11893882.0,835922.4,193907318.5,2669658.7,973.0,96.4,44,11,89104.69,9647439.58,3276480.77,150.89,0.9995301085063388,0.99905731720932,0.9999735375172725,0.9858325656922717,11.397578472250412,16.082203213266364,15.002280773582331,5.023156574649928,183.29817312988112,170.98967237963825,57.25182123797314,241.26972806322996,80.78342480557514,75.35880530256429
Brand A,2022-11-12,2022,MAT_2023,48208276.4,0.0,0.0,0,29403923.5,1143.3,18.2,649747.0,55936.9,2342973.5,11989474.0,842640.8,193228934.5,2660318.9,1330.0,131.8,45,11,109399.72,9525336.43,3315615.05,177.07,0.9995771103146436,0.9990532692922244,0.9999737191288369,0.9867848392689351,11.602772750301195,16.069465904071347,15.014154001440597,5.182176731413223,186.4503611036532,174.20581691674062,60.12761896648627,241.26943580462606,83.27481229431669,77.8059995081202
Brand A,2022-11-19,2022,MAT_2023,48564722.4,0.0,0.0,0,29352680.0,1143.3,18.2,528461.5,45495.4,2449608.0,11925193.0,838123.0,214421959.5,2952098.2,1540.0,152.6,46,11,111135.23,9410925.78,3615221.21,205.72,0.999580515210795,0.9990494129750406,0.9999750052864881,0.9876199850519461,11.618512025078083,16.057381995553513,15.100663880565536,5.331365220594237,186.56288580661078,175.44724488301296,61.94253092555721,242.47712831669827,85.60776790489008,80.50715422073071
Brand A,2022-11-26,2022,MAT_2023,34440052.1,0.0,0.0,1,29370250.0,1143.3,18.1,1254225.0,107976.7,2032915.5,11470452.0,806163.0,207948002.5,2862966.7,1631.0,161.7,47,11,174657.84,9275996.2,3586010.94,223.42,0.99966744068239,0.9990447837519048,0.9999748873982216,0.9880571530871924,12.070589864470804,16.042940675503267,15.092551262756842,5.4135192962367205,193.64775711403612,182.17599630123877,65.34437114827207,242.12890455039994,86.8487689152179,81.70381749037605
Brand A,2022-12-03,2022,MAT_2023,52274636.5,0.0,0.1,0,28934279.5,1000.1,18.1,433174.0,37292.1,2444519.0,11840360.0,832160.8,185379337.5,2552248.0,1578.5,156.5,48,12,142086.8,9180557.38,3269450.19,223.52,0.9996302481086211,0.9990414547201896,0.9999735045267231,0.9880594811898086,11.86420045536777,16.032598586454927,15.00013269698382,5.413964790073998,190.21396345014722,177.96458117413243,64.232363527741,240.49110627429914,86.79992424045713,81.21019026790813
Brand A,2022-12-10,2022,MAT_2023,51679295.9,0.0,0.1,0,28736981.0,1000.1,18.1,584129.0,50287.9,2311372.0,11634402.5,817685.7,209531392.0,2884766.3,1536.5,152.3,49,12,135539.98,9080187.35,3538656.34,219.36,0.999621179833409,0.9990379034266862,0.9999746930233686,0.9879613546612291,11.817029309001873,16.021605493754404,15.079257930678287,5.395262572604516,189.3277816969612,178.19203292482425,63.755975950228404,241.5939217038949,86.44076847348802,81.35655593603838
Brand A,2022-12-17,2022,MAT_2023,50286117.3,0.0,0.0,0,28421071.0,1000.1,18.1,400316.0,34463.3,2281849.5,10150738.5,713411.3,189998329.5,2615840.9,1911.0,189.4,50,12,115787.29,8885579.91,3323572.17,255.21,0.999589258084951,0.9990308660421117,0.9999737556418496,0.988729887839988,11.659518716382578,15.999940398412823,15.01655101816847,5.54599742070715,186.55160453630003,175.08575765184912,64.66366072774451,240.2639212804209,88.73562818106565,83.28175321467965
Brand A,2022-12-24,2022,MAT_2023,43243753.2,0.0,0.0,0,28316547.0,1000.1,18.1,333014.5,28669.3,1946206.5,8341973.5,586288.2,201285045.5,2771233.1,1998.5,198.1,51,12,98141.67,8583310.12,3435947.53,274.66,0.9995528527899906,0.9990195169369022,0.999974256965904,0.9890851076365811,11.494177515306015,15.965330308441395,15.049803582346614,5.619168222266293,183.50834065572073,172.98511394598037,64.5877170350953,240.2750852693283,89.71187672717879,84.56737804127151
Brand A,2022-12-31,2022,MAT_2023,40051988.8,0.0,0.0,0,28285386.5,1000.1,18.1,447216.0,38501.0,1736700.0,8309430.5,584001.0,231997685.5,3194075.6,2103.5,208.5,52,12,97386.0,8308980.11,3881265.11,290.9,0.9995510741022887,0.9990087446584204,0.9999760138025245,0.98935520043692,11.48644801049681,15.932847549206095,15.17167197537995,5.676411277860069,183.0118250331273,174.26862137751323,65.20180302933744,241.7279366502912,90.44139551673864,86.1206499050403
Brand A,2023-01-07,2023,MAT_2023,52049249.4,0.0,0.1,0,27148348.5,1031.7,18.2,456424.5,39293.7,2232608.0,8626803.5,606306.5,291203346.0,4009201.7,3426.5,339.6,1,1,97725.3,8084388.6,4785454.72,426.87,0.9995518753175053,0.9989995654286383,0.9999787573359408,0.990996342658515,11.48992599320762,15.905445550307741,15.381091817623664,6.058819411126215,182.7523922620294,176.7276066792272,69.61538664004998,244.6431184094971,96.36822224281562,93.19125766893285
Brand A,2023-01-14,2023,MAT_2023,54633889.3,0.0,0.3,0,27038105.5,1031.7,18.2,619423.0,53326.3,2380784.0,12412435.0,872367.2,304574973.5,4193298.3,3944.5,391.0,2,1,111961.48,8148316.94,5150389.24,519.06,0.9995821080946118,0.9990022126003065,0.9999796438022641,0.9917339665210774,11.625919094152197,15.913322076186105,15.454583044526439,6.253944189534565,185.0069949769257,179.67373210952073,72.70784916687208,245.93375754071405,99.5210281345562,96.65209983299553
Brand A,2023-01-21,2023,MAT_2023,53339373.4,0.0,0.2,0,26741687.0,1031.7,18.2,480462.5,41363.2,2250776.5,24660086.5,1733153.1,327172811.0,4504418.7,3699.5,366.7,3,1,108540.09,9066638.34,5534496.55,522.42,0.9995753933722084,0.9990374200178581,0.9999804755852572,0.9917572569759153,11.59488408994766,16.020112228622985,15.526511343129968,6.260384201058775,185.7513443988366,180.02809934484955,72.58842916981608,248.7364542359299,100.29205749525981,97.20192631009071
Brand A,2023-01-28,2023,MAT_2023,53840044.7,0.0,0.1,0,26415207.0,1031.7,18.1,452368.0,38944.5,2299244.5,25847678.5,1816619.1,288255233.0,3968612.9,3787.0,375.3,4,1,104068.55,9976593.61,5075512.21,532.03,0.9995661187460649,0.9990678965714668,0.9999794701548393,0.9918227016537011,11.552814704609872,16.115752368615478,15.439938202902477,6.27857770776013,186.18230093999227,178.37474510875947,72.53524486624697,248.8262206647022,101.18400356537165,96.9408518099375
Brand A,2023-02-04,2023,MAT_2023,53812930.0,0.0,0.1,0,26119733.5,1049.2,18.2,375994.5,32369.5,2268717.5,14978572.0,1052719.7,363879351.5,5009783.5,3811.5,377.8,5,2,94810.63,10031653.95,6024885.94,537.41,0.9995448518736164,0.9990696207666175,0.9999814137258836,0.991858604538829,11.459647360043515,16.121256146327116,15.611409272019698,6.2886203517092945,184.74391043784283,178.90124505065938,72.06537161178134,251.67552767937568,101.38045949691126,98.17422606688625
Brand A,2023-02-11,2023,MAT_2023,53591949.4,0.0,0.0,0,25909800.0,1049.2,18.2,456624.0,39310.9,2185459.5,20413788.5,1434716.0,357992659.5,4928737.2,4186.0,414.9,6,2,96197.28,10463204.55,6133714.39,576.12,0.9995482334244361,0.9990827106089286,0.9999816057173653,0.9921025609682264,11.47416675707608,16.1633754275874,15.629311223818874,6.3580502171552284,185.46126501336371,179.3333232803386,72.95332844150288,252.62242498518995,102.76755264733356,99.37194562058824
Brand A,2023-02-18,2023,MAT_2023,50711016.5,0.1,0.0,0,25734177.0,1049.2,18.2,375571.0,32333.0,2067814.0,20370444.5,1431669.7,368992494.5,5080179.7,4567.5,452.7,7,2,90051.37,10848553.8,6306922.58,625.54,0.9995326520955786,0.9990938036707434,0.9999819004350159,0.9923818657498665,11.408146668969598,16.1995424309224,15.657158568876646,6.440212619065762,184.80675602215905,178.61916137305892,73.47089013765104,253.63880458419746,104.32849758671769,100.835430193993
Brand A,2023-02-25,2023,MAT_2023,51282389.6,0.1,0.0,0,25718808.5,1049.2,18.2,332531.5,28627.8,2065595.0,18906468.0,1328779.0,290216118.5,3995609.8,4518.5,447.8,8,2,82658.62,11092477.42,5256994.32,635.46,0.9995116322036952,0.9991005570232222,0.9999798842615762,0.9924341358676069,11.322486490910226,16.221777816774665,15.475070189559606,6.45592157234636,183.6708601889783,175.21627316717618,73.09708478926756,251.03315031402892,104.7265253491252,99.90583947035194
Brand A,2023-03-04,2023,MAT_2023,54653840.5,0.0,0.0,0,26206586.0,1059.4,18.2,317464.0,27330.6,2080624.0,10158792.0,713977.3,295044872.5,4062090.7,4287.5,425.0,9,3,76925.77,10697206.98,5113489.56,615.64,0.9994932670721517,0.9990895105713894,0.9999795587302608,0.992328502128336,11.250609209350294,16.1854933289337,15.447392813132828,6.424285385226002,182.0966603043792,173.79257984388374,72.27712431851816,250.02367332637974,103.98022824574171,99.2384598892544
Brand A,2023-03-11,2023,MAT_2023,53491357.8,0.0,0.0,0,26216764.0,1059.4,18.2,452690.0,38972.2,2062581.5,18255020.0,1282994.1,311548573.0,4289308.8,3899.0,386.4,10,3,85127.66,10910480.38,5312006.71,571.09,0.9995189590398851,0.9990955372744943,0.9999800053568649,0.9920722080444679,11.351919038122244,16.20523447965897,15.485480421568077,6.349296321660083,183.96050980687568,175.78992001206794,72.07669779253263,250.9458412616789,102.89183567333785,98.32190387980143
Brand A,2023-03-18,2023,MAT_2023,51458498.8,0.1,0.0,0,26260678.5,1059.4,18.2,347179.0,29888.8,1977867.5,19355808.5,1360359.4,315922684.0,4349530.2,7847.0,777.7,11,3,80965.4,11179791.74,5411931.54,949.03,0.9995064132772903,0.9991029263879782,0.9999802203237493,0.9936527661371926,11.301789532780296,16.22961848705785,15.504116803302297,6.85649356304335,183.42373233804798,175.224265002565,77.49064718237881,251.6259006963792,111.2782746871615,106.30387706251445
Brand A,2023-03-25,2023,MAT_2023,51928286.3,0.1,0.0,0,26164337.5,1059.4,18.2,289264.5,24902.9,2011506.0,19133093.0,1344706.5,309477924.0,4260800.7,10363.5,1027.2,12,3,73482.14,11406519.07,5343187.01,1311.91,0.9994812069712795,0.999108965108317,0.9999800731160582,0.994492613954255,11.204811271132431,16.2496956858366,15.491333038417396,7.180001326637389,182.07477337313398,173.57746303372545,80.45055979145242,251.72944764222913,116.67283658176063,111.22779176721852
Brand A,2023-04-01,2023,MAT_2023,51758124.3,0.1,0.0,0,26326951.0,1059.4,18.2,251450.5,21647.5,1941415.0,18968099.5,1333110.5,323869745.5,4458943.0,8571.5,849.6,13,4,65736.78,11598977.66,5527580.4,1243.17,0.999450665487552,0.9991139666134824,0.9999804614196625,0.9943611017714662,11.093429077253427,16.266427605648545,15.525260917973466,7.126223919911104,180.45046098353941,172.22838089939307,79.05425964416074,252.54053278102006,115.91820549487497,110.63648571652354
Brand A,2023-04-08,2023,MAT_2023,48816278.7,0.0,0.0,0,26455618.0,1114.7,18.2,263144.0,22654.2,1839638.5,11322083.5,795735.4,262231018.0,3610319.2,7.0,0.7,14,4,62096.27,11234815.29,4715835.28,373.65,0.9994343554321787,0.9991044068469089,0.999978576000574,0.9904570634135789,11.036457305602584,16.234528111887993,15.36643682417589,5.92599225681032,179.17167638345677,169.59102394925657,65.4019605356186,249.46685060163435,96.2056878840177,91.06138563483128
Brand A,2023-04-15,2023,MAT_2023,47127626.0,0.0,0.1,0,26447235.5,1114.7,18.2,351417.5,30253.7,873421.5,12858114.5,903690.3,267916726.0,3688598.4,0.0,0.0,15,4,67511.46,11015024.06,4631765.46,112.1,0.9994581294965712,0.9990984342934285,0.9999783513071372,0.9838811041355138,11.120067452418098,16.21477081329543,15.348448878138335,4.728272383122075,180.30934516934545,170.67578681488916,52.57870783372314,248.87158089859446,76.66785303515866,72.57164695426248
Brand A,2023-04-22,2023,MAT_2023,49141214.1,0.1,0.0,0,26258757.0,1114.7,18.2,461916.0,39766.5,1424724.0,12200384.0,857463.9,190032636.5,2616313.2,0.0,0.0,16,4,80273.38,10770985.56,3542666.29,33.63,0.9995042324896979,0.9990916134406191,0.9999747096418466,0.972897182413727,11.29320579547725,16.192366647537124,15.080390473144035,3.5447203584143305,182.86372886645879,170.30595308937015,40.03125649499091,244.18721172917407,57.39741170643405,53.45576712299118
Brand A,2023-04-29,2023,MAT_2023,46290546.2,0.1,0.0,0,26698028.0,1114.7,18.2,472153.5,40647.9,1878121.0,13601175.0,955913.9,303516668.0,4178727.9,0.0,0.0,17,4,88811.93,10649800.9,4887261.16,10.09,0.9995293136085062,0.9990881491290773,0.9999790151306468,0.9547744226468095,11.394287526488538,16.18105184900774,15.40214281917608,2.4060438013622756,184.3715572486132,175.496443805733,27.415154874047243,249.22287154291038,38.932319500826665,37.05823025777509
Brand A,2023-05-06,2023,MAT_2023,46521188.9,0.0,0.1,0,26974482.5,1099.4,18.3,425232.5,36608.4,1878359.0,6264328.0,440267.7,138622141.0,1908508.7,0.0,0.0,18,5,89895.56,10025088.51,2885960.93,3.03,0.999532236245616,0.9990694158368791,0.9999715161106001,0.9254891037511892,11.406414954989,16.12060145979535,14.875368826960756,1.3937663759585914,183.87826957442718,169.67462944882234,15.897877634494899,239.7998924268978,22.468352274891743,20.732788901000497
Brand A,2023-05-13,2023,MAT_2023,42660784.8,0.0,0.1,0,26941057.5,1099.4,18.3,462847.0,39846.7,1787870.0,6478486.0,455319.1,136382746.5,1877677.4,0.0,0.0,19,5,93784.03,9477898.76,2454869.59,0.91,0.9995422997556935,0.9990516779110613,0.9999687138509509,0.8796362103246997,11.448760527374969,16.064473305382844,14.71358460499043,0.6471032420585384,183.918307871736,168.45230664180644,7.408530054816164,236.36598711336075,10.395372757876084,9.521208300191907
Brand A,2023-05-20,2023,MAT_2023,42147726.7,0.1,0.1,0,26860190.0,1099.4,18.3,384394.5,33092.7,1752583.0,6527150.0,458739.3,140998966.5,1941232.1,0.0,0.0,20,5,89363.12,8988848.18,2432206.02,0.27,0.9995308069145422,0.9990346257778421,0.999968545090945,0.810497391863849,11.400474538320358,16.01149538713021,14.70430964180067,0.23901690047049992,182.53864548141183,167.63610767492708,2.7249060880421854,235.4379860006257,3.8270179993295703,3.514578514141683
Brand A,2023-05-27,2023,MAT_2023,41150854.5,0.1,0.1,0,26831983.5,1099.4,18.2,426121.5,36684.9,1692666.5,6488240.5,456004.7,138984597.5,1913498.9,0.0,0.0,21,5,90302.77,8545968.07,2399940.1,0.08,0.9995333207801731,0.999018077839968,0.9999683004955604,0.7144091655362239,11.410934488256727,15.960970275942488,14.690954753350356,0.07696104113612832,182.12958618779263,167.63752226042467,0.8781973985523913,234.48189214344103,1.2283728899793314,1.1306311731015968
Brand A,2023-06-03,2023,MAT_2023,39677123.5,0.1,0.0,0,26810794.5,1106.9,18.2,361574.5,31128.1,1591625.0,11705953.0,822714.4,224067550.0,3084895.9,0.0,0.0,22,6,85309.76,8514085.66,3564883.92,0.02,0.9995194866770855,0.9990168424831052,0.9999748011829268,0.5758187027161807,11.354055868549027,15.957232603847915,15.086642330804597,0.019802627296179712,181.1793104915213,171.2945798927721,0.22484013666487843,240.74106088370723,0.3159951299324476,0.2987551552276914
Brand A,2023-06-10,2023,MAT_2024,44344872.8,0.0,0.0,0,26806251.5,1106.9,18.3,471268.0,40571.6,1808352.0,11718854.0,823621.1,242944761.5,3344791.7,0.0,0.0,23,6,91757.46,8486298.19,4057768.48,0.01,0.9995371354368868,0.9990157607424661,0.9999766246023128,0.49999999999973116,11.426914968750474,15.953963561016606,15.216143991445831,0.009950330853168083,182.30458502628025,173.87358354251495,0.11370158457008604,242.75780677870856,0.15874721585150287,0.1514056670243316
Brand A,2023-06-17,2023,MAT_2024,43783665.9,0.1,0.1,0,26884018.0,1106.9,18.2,319532.5,27508.7,1808268.0,11524030.0,809928.6,224393708.0,3089386.3,0.0,0.0,24,6,82563.17,8447596.97,3900940.0,0.0,0.9995113423174172,0.9990142462289522,0.9999760840458173,0.0,11.321331088160797,15.949392695017389,15.176728364047325,0.0,180.56835535538508,171.82076664446072,0.0,242.0596005037996,0.0,0.0
Brand A,2023-06-24,2023,MAT_2024,42372683.6,0.1,0.1,0,27238459.5,1106.9,18.3,200053.0,17222.6,1687535.5,17368736.0,1220704.5,166893835.5,2297745.1,0.0,0.0,25,6,66760.5,8823541.78,3077933.1,0.0,0.999455007741827,0.999028579203292,0.9999725604452407,0.0,11.108881846067396,15.992934023069832,14.939769183145266,0.0,177.66361443423406,165.96413066307957,0.0,238.93074286593412,0.0,0.0
Brand A,2023-07-01,2023,MAT_2024,42198977.9,0.1,0.0,0,27523422.5,1106.9,18.3,229712.0,19776.0,1677399.5,14953393.0,1050950.1,191217684.0,2632628.6,0.0,0.0,26,7,59832.3,8992137.7,3248215.22,0.0,0.999423463266598,0.9990347445915536,0.999973404198708,0.0,10.999317641139141,16.011861275818713,14.993616548245052,0.0,176.11954819858545,164.91955100358757,0.0,240.0757081933196,0.0,0.0
Brand A,2023-07-08,2023,MAT_2024,36179626.5,0.0,0.0,0,27643276.5,1113.2,18.3,285176.5,24550.9,1542898.0,6547334.5,460157.9,159309472.0,2193325.8,0.0,0.0,27,7,60450.28,8553081.83,2842968.84,0.0,0.9994264975954994,0.9990183526388325,0.999971267063324,0.0,11.009593030343162,15.961802340837316,14.86035978206473,0.0,175.73294780339768,163.60651348501167,0.0,237.19812555504552,0.0,0.0
Brand A,2023-07-15,2023,MAT_2024,43056366.3,0.0,0.0,0,27600765.5,1113.2,18.3,415222.5,35746.7,1874785.5,10766101.5,756660.1,305349145.5,4203956.9,0.0,0.0,28,7,72016.87,8454433.75,4772550.67,0.0,0.9994758125681569,0.9990145144493646,0.9999787240409508,0.0,11.18466956164749,15.95020168414741,15.378391661134224,0.0,178.3977352788221,172.00222911938155,0.0,245.2884485729016,0.0,0.0
Brand A,2023-07-22,2023,MAT_2024,43131823.7,0.1,0.1,0,27513468.5,1113.2,18.2,397068.0,34183.7,1980996.5,23556998.5,1655626.2,308408282.0,4246074.2,0.0,0.0,29,7,77393.82,9264616.57,5200584.33,0.0,0.9994948432705266,0.9990443892234374,0.9999797579928495,0.0,11.256675132273637,16.04171314000133,15.464281740678404,0.0,180.57635338212023,174.07639570876785,0.0,248.07357160012342,0.0,0.0
Brand A,2023-07-29,2023,MAT_2024,42996279.1,0.1,0.0,0,27560701.0,1113.2,18.2,454622.0,39138.6,2085653.5,22961211.0,1613753.2,307770060.5,4237287.3,0.0,0.0,30,7,85574.89,9951908.11,5277404.17,0.0,0.9995202518548533,0.9990671194204545,0.999979929421157,0.0,11.357158863578016,16.11327496108177,15.478945089807976,0.0,183.00102354551956,175.79683842555008,0.0,249.41649833956248,0.0,0.0
Brand A,2023-08-05,2023,MAT_2024,44915004.8,0.0,0.1,0,27428779.0,1179.4,18.3,430955.0,37101.1,2210173.0,18763822.0,1318753.6,364765096.5,5021978.2,0.0,0.0,31,8,88446.04,10275470.9,6077459.03,0.0,0.999528314556324,0.9990771065741693,0.9999815071517578,0.0,11.390159233793362,16.145270244299258,15.620097408433388,0.0,183.8971989551944,177.9153967294193,0.0,252.19069390143554,0.0,0.0
Brand A,2023-08-12,2023,MAT_2024,43253552.0,0.0,0.0,0,27103384.0,1179.4,18.3,375970.0,32367.4,2335431.0,18214381.5,1280137.9,259898709.0,3578208.7,0.0,0.0,32,8,85435.02,10528061.71,4793700.51,0.0,0.9995198486312153,0.9990846155237191,0.9999787785375143,0.0,11.355523070712024,16.169554889026458,15.382813428792307,0.0,183.61375358548435,174.67989278310978,0.0,248.73324608451048,0.0,0.0
Brand A,2023-08-19,2023,MAT_2024,45440963.6,0.0,0.2,0,26520616.5,1179.4,18.3,447069.0,38488.3,2398277.0,18551379.0,1303822.7,216695657.5,2983401.8,0.0,0.0,33,8,89749.31,10779078.24,3942141.9,0.0,0.9995318449172155,0.9990918429302226,0.9999762293470175,0.0,11.404786760383557,16.193117706068037,15.18723501667196,0.0,184.6790544234973,173.2071768449739,0.0,245.9286842546872,0.0,0.0
Brand A,2023-08-26,2023,MAT_2024,45534315.8,0.0,0.0,0,25909747.5,1179.4,18.3,279986.0,24104.1,2426616.5,19523567.0,1372149.7,235217356.5,3238403.1,0.0,0.0,34,8,77953.69,11073320.12,4026831.48,0.0,0.9994967098376569,0.9991000338349055,0.9999765206067315,0.0,11.263883039449547,16.220049270530676,15.208490639762957,0.0,182.7007378773665,171.30665977285315,0.0,246.68246750735977,0.0,0.0
Brand A,2023-09-02,2023,MAT_2024,46060543.9,0.0,0.0,0,25154794.0,1186.1,18.4,295991.5,25482.0,2231369.0,12162892.0,854828.9,145695168.5,2005888.1,0.0,0.0,35,9,72254.21,10820817.01,2811254.4,0.0,0.9994766975606573,0.9990930228999798,0.9999710794991912,0.0,11.187959714101469,16.196982430188534,14.84914170310753,0.0,181.21118691895862,166.13159916335113,0.0,240.5112872686125,0.0,0.0
Brand A,2023-09-09,2023,MAT_2024,44429915.0,0.0,0.0,0,25149078.5,1186.1,18.4,277949.0,23928.7,2022261.5,20601427.0,1447903.6,162454138.0,2236620.6,0.0,0.0,36,9,67281.23,11186638.91,2798871.48,0.0,0.9994571780328327,0.999103111147171,0.9999710053544252,0.0,11.116651439162942,16.23023075905679,14.844727208331483,0.0,180.4258181256153,165.02365808447945,0.0,240.9333481464689,0.0,0.0
Brand A,2023-09-16,2023,MAT_2024,46429321.6,0.0,0.0,0,25362872.5,1186.1,18.4,379162.0,32642.2,1987734.0,20690180.0,1454141.3,156859780.0,2159599.1,0.0,0.0,37,9,73010.94,11522116.31,2719373.4,0.0,0.9994794901265962,0.999111982576814,0.9999705166964027,0.0,11.198378268399617,16.259778990614755,14.815912411818124,0.0,182.08315569748095,165.91419157901623,0.0,240.90346136046873,0.0,0.0
Brand A,2023-09-23,2023,MAT_2024,44500611.4,0.1,0.0,0,25415159.0,1186.1,18.4,429950.5,37014.6,1835820.0,9072070.0,637600.6,110581863.0,1522458.4,0.0,0.0,38,9,80821.16,11007505.28,2066333.08,0.0,0.9995059610606448,0.9990982271678731,0.9999654257174708,0.0,11.300006464333237,16.214087987131983,14.541286619364486,0.0,183.21929906785928,164.3166327985411,0.0,235.77370069248076,0.0,0.0
Brand A,2023-09-30,2023,MAT_2024,45733484.7,0.1,0.0,0,25473941.5,1186.1,18.3,250722.5,21584.8,1790593.0,9121780.5,641094.4,106378338.5,1464585.6,0.0,0.0,39,9,70077.5,10547849.15,1877852.22,0.0,0.9994684118941988,0.999085193580037,0.9999634534730588,0.0,11.157371321271613,16.17143261986976,14.445639778081397,0.0,180.43067853681112,161.1753669773858,0.0,233.60669032215364,0.0,0.0
Brand A,2023-10-07,2023,MAT_2024,44757094.8,0.0,0.0,0,26094530.0,1123.5,18.4,294892.5,25387.4,1705529.0,10247247.5,720194.1,132394458.0,1822767.8,0.0,0.0,40,10,67433.9,10213258.34,2198338.24,0.0,0.9994578095161072,0.9990752192077553,0.99996664551124,0.0,11.11891796704039,16.139197369364243,14.603212742345836,0.0,179.4504116038351,162.37192453738228,0.0,235.6841326755343,0.0,0.0
Brand A,2023-10-14,2023,MAT_2024,44624795.8,0.0,0.0,0,26191392.5,1123.5,18.4,311808.0,26843.7,1592388.0,9509741.5,668360.9,131718065.5,1813455.4,0.0,0.0,41,10,67304.04,9860293.41,2253123.05,0.0,0.9994572725187133,0.9990642125253455,0.9999671183388141,0.0,11.116990401387504,16.104026585159417,14.627828277818747,0.0,179.02830897090644,162.6174265576557,0.0,235.5669354691398,0.0,0.0
Brand A,2023-10-21,2023,MAT_2024,44999368.5,0.1,0.0,0,26408518.5,1123.5,18.4,316935.5,27285.1,1567923.0,13582849.0,954625.9,150283801.5,2069063.0,0.0,0.0,42,10,67667.52,9828889.96,2519687.61,0.0,0.9994587716528784,0.9990632077904869,0.9999691832111832,0.0,11.1223763581433,16.10083666378492,14.739645884392202,0.0,179.07956505560827,163.93988891196804,0.0,237.32063086662848,0.0,0.0
Brand A,2023-10-28,2023,MAT_2024,43677163.1,0.1,0.0,0,26496655.5,1123.5,18.4,275593.5,23725.9,1514565.5,15502627.0,1089551.2,161721987.0,2226540.6,0.0,0.0,43,10,64326.41,9935552.17,2730478.12,0.0,0.9994445127445271,0.9990666030813263,0.9999705863035305,0.0,11.071741102441116,16.111630111330975,14.819987653594,0.0,178.3837973309511,164.08306644196657,0.0,238.77415932919837,0.0,0.0
Brand A,2023-11-04,2023,MAT_2024,44153880.1,0.1,0.0,0,26526311.0,1041.6,18.4,311108.0,26783.4,1495550.0,2883933.5,202687.8,162872279.5,2242377.5,0.0,0.0,44,11,65379.25,9144684.75,2788473.12,0.0,0.9994491247831188,0.9990401914567465,0.9999709426910255,0.0,11.087975504070219,16.028683476176766,14.841005093793243,0.0,177.72564974634307,164.5567009357608,0.0,237.88177311673897,0.0,0.0
Brand A,2023-11-11,2023,MAT_2024,44837184.8,0.0,0.0,0,26525712.5,1041.6,18.5,464418.5,39982.0,1543328.5,2466586.5,173355.9,143954583.5,1981924.2,0.0,0.0,45,11,79209.55,8403572.18,2539618.82,0.0,0.9995008239335373,0.9990125120747482,0.9999693237210965,0.0,11.27986477600195,15.944167551937156,14.74752495062662,0.0,179.84805395176917,166.3500872237831,0.0,235.13700878916455,0.0,0.0
Brand A,2023-11-18,2023,MAT_2024,44003434.7,0.0,0.0,0,26475106.0,1041.6,18.4,495736.5,42678.1,1506729.0,8692859.0,610949.0,144143919.5,1984530.9,0.0,0.0,46,11,90203.83,8174163.96,2492454.66,0.0,0.9995330579518638,0.9990032750198287,0.9999689883618634,0.0,11.40983825228893,15.91648912396463,14.728778991291794,0.0,181.60456644875234,168.05298594435067,0.0,234.43045062417457,0.0,0.0
Brand A,2023-11-25,2023,MAT_2024,31585117.8,0.0,0.0,1,26526125.5,1041.6,18.4,708057.0,60956.9,1404945.5,37999692.5,2670683.5,69403666.5,955529.2,0.0,0.0,47,11,115079.2,10027431.06,1454020.13,0.0,0.9995879619240468,0.9990694889764119,0.9999576084191686,0.0,11.65338455558542,16.120835101235652,14.18984346929463,0.0,187.86229079187888,165.35970273125267,0.0,228.75212668084436,0.0,0.0
Brand A,2023-12-02,2023,MAT_2024,47698886.7,0.0,0.0,0,26545459.5,981.0,18.4,205058.0,17653.5,1813497.0,9563757.0,672157.2,92963864.0,1279899.0,0.0,0.0,48,12,86701.02,9696845.16,1570703.03,0.0,0.999523462363606,0.9990589356825187,0.9999594644836625,0.0,11.370232461228479,16.087311252460413,14.267034503562854,0.0,182.91646861661158,162.2194988378771,0.0,229.51822470840767,0.0,0.0
Brand A,2023-12-09,2023,MAT_2024,47967852.8,0.0,0.0,0,26297799.5,981.0,18.5,266955.5,22982.3,1753118.5,9350372.5,657160.2,103731425.0,1428143.6,0.0,0.0,49,12,75002.91,9384320.84,1742284.21,0.0,0.999486636208555,0.9990485072465977,0.9999618301053658,0.0,11.225295524492886,16.054550965402523,14.370708148595767,0.0,180.21707909967589,161.3154458642255,0.0,230.71526638055607,0.0,0.0
Brand A,2023-12-16,2023,MAT_2024,46461215.9,0.0,0.0,0,26194588.0,981.0,18.4,483738.5,41645.2,1735041.0,9224313.0,648300.5,98494910.5,1356048.8,0.0,0.0,50,12,86646.95,9094189.26,1704505.64,0.0,0.9995233096588041,0.9990384019827763,0.9999613416821663,0.0,11.369608636468042,16.023146334634937,14.348786266123055,0.0,182.17690294965664,163.14008425414673,0.0,229.91270206648974,0.0,0.0
Brand A,2023-12-23,2023,MAT_2024,45135635.0,0.0,0.0,0,25979642.5,981.0,18.5,342184.5,29458.8,1635861.5,13146241.5,923940.4,103238653.0,1421359.3,0.0,0.0,51,12,81446.97,9108710.73,1762260.43,0.0,0.9995079142925647,0.9990389179562689,0.9999620816620137,0.0,11.307719690453794,16.024741846503158,14.382108445641475,0.0,181.20328891214265,162.6288508610219,0.0,230.46957504981742,0.0,0.0
Brand A,2023-12-30,2023,MAT_2024,34881118.4,0.0,0.0,0,25882622.5,981.0,18.4,331506.0,28539.5,1319136.0,13831520.5,972103.0,118145272.0,1626589.2,0.0,0.0,52,12,77407.68,9169942.66,1979041.29,0.0,0.9994948897252777,0.9990410816081624,0.9999645492260536,0.0,11.256854197992913,16.031441700266118,14.498123593734855,0.0,180.4636018035193,163.2032634391543,0.0,232.42582315621303,0.0,0.0
Brand A,2024-01-06,2024,MAT_2024,45190513.9,0.0,0.0,0,25456676.0,966.0,18.5,362089.0,31172.4,1677742.5,9028397.0,634531.2,185005222.5,2547097.3,0.0,0.0,1,1,77617.01,8887479.59,2942905.56,0.0,0.9994955898122342,0.9990309357309722,0.9999718371000977,0.0,11.259554766872009,16.000154169125004,14.894908276796517,0.0,180.1546121456585,167.71003549012556,0.0,238.32082876372033,0.0,0.0
Brand A,2024-01-13,2024,MAT_2024,47790752.1,0.0,0.0,0,25314439.5,966.0,18.5,542122.0,46671.5,1744127.0,8308426.0,583930.4,174151838.0,2397671.1,0.0,0.0,2,1,93241.71,8582662.03,2986252.21,0.0,0.9995409344189882,0.9990194920320203,0.9999720749347655,0.0,11.442961157506385,15.965254799764214,14.909530052548327,0.0,182.68979054339428,170.60917326798463,0.0,238.03444623367596,0.0,0.0
Brand A,2024-01-20,2024,MAT_2024,45338333.0,0.0,0.0,0,25281595.5,966.0,18.5,423510.5,36460.2,1635697.0,7169344.0,503873.8,146557453.0,2017759.7,0.0,0.0,3,1,92405.22,8228269.63,2615010.14,0.0,0.999538804752791,0.9990054845247895,0.9999698398344443,0.0,11.43394957138147,15.923086420560697,14.776778915510327,0.0,182.0637671534401,168.95694494739806,0.0,235.29192768919012,0.0,0.0
Brand A,2024-01-27,2024,MAT_2024,51180604.1,0.0,0.0,0,24736995.5,966.0,18.5,489993.0,42183.7,1979253.5,4041240.0,284025.3,137050819.5,1886875.2,0.0,0.0,4,1,97626.83,7689467.97,2409877.23,0.0,0.9995516432268012,0.9989825683451317,0.9999683763762723,0.0,11.488917875198142,15.855362284481062,14.695086777219354,0.0,182.16095516791694,168.83064515238328,0.0,232.9959246547001,0.0,0.0
Brand A,2024-02-03,2024,MAT_2024,53685644.5,0.0,0.2,0,24807790.0,966.0,18.5,351232.0,30237.7,2005251.5,4427794.0,311192.9,154160282.5,2122433.3,0.0,0.0,5,2,88813.8,7231714.07,2604408.75,0.0,0.9995293186984839,0.9989613450699426,0.999969768687937,0.0,11.394308581759582,15.793986781771371,14.772716624002404,0.0,179.96155912773494,168.32489180477302,0.0,233.32009109034817,0.0,0.0
Brand A,2024-02-10,2024,MAT_2024,48743164.2,0.0,0.0,0,24737293.0,1007.8,18.5,933478.0,80363.4,1865769.5,14166113.5,995618.7,119512620.5,1645414.5,0.0,0.0,6,2,133651.68,7504161.36,2166296.25,0.0,0.9996184401174564,0.9989741854648465,0.9999663602454425,0.0,11.802999773741627,15.830968405894687,14.588529931660979,0.0,186.85291651288583,172.1884154826175,0.0,230.95055643657395,0.0,0.0
Brand A,2024-02-17,2024,MAT_2024,45918749.6,0.0,0.0,0,24686228.0,1007.8,18.5,1212561.0,104389.8,1771763.0,12963419.0,911091.3,139602295.0,1922003.2,0.0,0.0,7,2,184580.81,7664836.53,2355262.45,0.0,0.9996767475190854,0.9989814697053891,0.999967953102126,0.0,12.125848058817647,15.852153873716373,14.672163147541037,0.0,192.22080927768232,177.9124210212663,0.0,232.58538787509127,0.0,0.0
Brand A,2024-02-24,2024,MAT_2024,48874493.1,0.0,0.1,0,24546938.5,1007.8,18.5,317593.5,27341.7,1838399.5,14676504.5,1031489.9,136687904.5,1881878.7,0.0,0.0,8,2,138090.18,7929842.77,2352931.19,0.0,0.9996247895249957,0.9989930487564017,0.9999679346896064,0.0,11.835669470594599,15.88614389228203,14.671172848764702,0.0,188.02314827135527,173.64315258394078,0.0,233.0683629440173,0.0,0.0
Brand A,2024-03-02,2024,MAT_2024,50246736.8,0.0,0.1,0,24589428.5,1007.8,18.5,316960.0,27287.2,1929049.5,37405438.0,2628918.3,121916445.0,1678509.6,0.0,0.0,9,3,110141.31,9765776.8,2149095.84,0.0,0.9995785751728633,0.9990611754896871,0.9999662043464176,0.0,11.609528535903236,16.094394770938596,14.580558237429265,0.0,186.84833536130344,169.27340692683404,0.0,234.66526025384724,0.0,0.0
Brand A,2024-03-09,2024,MAT_2024,49121770.0,0.0,0.1,0,24769647.0,1072.8,18.6,253449.0,21819.5,1767801.0,11588251.5,814442.2,84167226.5,1158789.5,0.0,0.0,10,3,87904.29,9603641.32,1588608.67,0.0,0.9995268237817118,0.9990558731382202,0.9999597301113312,0.0,11.38401526388743,16.077652992814258,14.278369770283378,0.0,183.02824707768295,162.54517940833483,0.0,229.56267446970517,0.0,0.0
Brand A,2024-03-16,2024,MAT_2024,46814515.0,0.0,0.0,0,24812046.0,1072.8,18.6,307429.5,26466.7,1554346.5,12590497.5,884881.7,101662029.0,1399652.8,0.0,0.0,11,3,79209.27,9528158.89,1717374.53,0.0,0.999500823027296,0.9990533636428139,0.9999615099641213,0.0,11.27986124111304,16.069762170942802,14.356307828836727,0.0,181.26468746592224,161.93716024398307,0.0,230.70245246225042,0.0,0.0
Brand A,2024-03-23,2024,MAT_2024,47072881.8,0.0,0.1,0,24733954.0,1072.8,18.6,194295.5,16727.0,1552698.0,12371219.0,869470.5,101866457.0,1402467.3,0.0,0.0,12,3,64252.56,9444813.5,1745942.21,0.0,0.9994441849537298,0.999050561694037,0.9999618765097958,0.0,11.07059240978278,16.060976418703703,14.372805489079514,0.0,177.80452363460142,159.11547135468794,0.0,230.8412900307212,0.0,0.0
Brand A,2024-03-30,2024,MAT_2024,46040813.9,0.0,0.1,0,24638596.5,1072.8,18.6,222656.0,19168.5,1470791.0,11914168.0,837348.1,103845052.5,1429708.0,0.0,0.0,13,3,57720.04,9337680.25,1778896.44,0.0,0.9994127232126885,0.9990469111235126,0.9999622877426614,0.0,10.963377030743503,16.049568519212063,14.391504314620752,0.0,175.95747085687356,157.77948784075917,0.0,230.9774345920418,0.0,0.0
Brand A,2024-04-06,2024,MAT_2024,46049215.0,0.0,0.2,0,24302043.5,1072.8,18.6,165504.5,14248.3,1542579.5,1924107.5,135229.6,109345215.0,1505432.6,0.0,0.0,14,4,48880.32,8539141.82,1861211.89,0.0,0.99936038990426,0.9990178138598932,0.9999632643111915,0.0,10.797150598390834,15.96017118836177,14.43673892456802,0.0,172.32437189684043,155.87564431821184,0.0,230.4128246377914,0.0,0.0
Brand A,2024-04-13,2024,MAT_2024,48720789.6,0.0,0.3,0,23775878.0,1128.5,18.6,276678.5,23819.3,1627766.0,17609669.0,1237637.7,125156657.5,1723119.9,0.0,0.0,15,4,53147.49,8922865.34,2095362.28,0.0,0.9993872974490593,0.9990322302135368,0.999965704351488,0.0,10.880844973206592,16.004127791503034,14.555237499647042,0.0,174.1384334307317,158.3732827818626,0.0,232.94388098002835,0.0,0.0
Brand A,2024-04-20,2024,MAT_2024,45606705.2,0.1,0.1,0,23884644.0,1128.5,18.6,655095.0,56397.4,1527102.5,18226110.0,1280962.2,115483245.5,1589939.2,0.0,0.0,16,4,88285.9,9311541.01,2009011.66,0.0,0.9995278753285098,0.9990460119274367,0.9999648569335533,0.0,11.38834701771504,16.04676526496893,14.513153945419825,0.0,182.7461313492822,165.28083345196112,0.0,232.88917461650962,0.0,0.0
Brand A,2024-04-27,2024,MAT_2024,43000314.0,0.1,0.2,0,24048048.5,1128.5,18.6,311545.5,26821.1,1535684.5,17851529.5,1254636.1,101306709.0,1394760.9,0.0,0.0,17,4,79792.64,9635023.01,1796563.23,0.0,0.9995027006963413,0.9990569087139225,0.9999625032844203,0.0,11.287199081013625,16.080915351783908,14.401386637749361,0.0,181.5084929805132,162.5513180229265,0.0,231.58747946995933,0.0,0.0
Brand A,2024-05-04,2024,MAT_2024,43299542.6,0.1,0.0,0,24330285.0,1128.5,18.6,422376.5,36362.5,1557787.0,17464296.5,1227420.7,99109724.0,1364513.4,0.0,0.0,18,5,84238.08,9898941.4,1723826.05,0.0,0.9995163567038072,0.9990654431921905,0.9999615935806256,0.0,11.341414225570633,16.107938481115443,14.360057406147963,0.0,182.6868026343393,162.8633593460974,0.0,231.3109212835176,0.0,0.0
Brand A,2024-05-11,2024,MAT_2024,42313644.3,0.1,0.3,0,24294714.5,1123.4,18.7,273955.5,23584.9,1554808.5,11039213.5,775854.8,94435820.5,1300164.5,0.0,0.0,19,5,74127.75,9684902.06,1644929.71,0.0,0.9994835324212036,0.999058545450818,0.9999605356737356,0.0,11.21355872523961,16.08607884548042,14.313208819713923,0.0,180.38218979262925,160.5020076464796,0.0,230.24340560574387,0.0,0.0
Brand A,2024-05-18,2024,MAT_2024,40110420.9,0.1,0.1,0,24298113.0,1123.4,18.7,289660.0,24936.9,1517523.0,10867983.0,763820.5,90986511.0,1252675.4,0.0,0.0,20,5,69413.55,9480232.36,1581661.34,0.0,0.9994658066198755,0.9990517564445225,0.9999596276128597,0.0,11.147851778699204,16.06471948996199,14.27398696584325,0.0,179.08711174047656,159.1242909863049,0.0,229.3075966096455,0.0,0.0
Brand A,2024-05-25,2024,MAT_2024,37836540.6,0.1,0.1,0,24399693.5,1123.4,18.7,237674.5,20461.5,1427023.5,10679399.5,750566.5,97938928.5,1348394.3,0.0,0.0,21,5,62109.63,9282775.62,1664726.57,0.0,0.9994344179197265,0.9990450184851798,0.999960808559157,0.0,11.036672428796061,16.04367126475095,14.325172046387582,0.0,177.06874430434445,158.10223136212588,0.0,229.82835112324204,0.0,0.0
Brand A,2024-06-01,2024,MAT_2024,36241691.6,0.1,0.1,0,24623921.0,1123.4,18.7,173243.0,14914.6,1361458.0,10357231.5,727924.0,107706592.0,1482872.6,0.0,0.0,22,6,52180.38,9082422.06,1815817.91,0.0,0.9993814920541515,0.9990379830652824,0.9999627344173717,0.0,10.862481005255532,16.02185157180572,14.412047114008093,0.0,174.0370583677631,156.5505880227607,0.0,230.90767970650865,0.0,0.0
